{
    "version": 1,
    "supportedProjectTypes": [ "PythonProject" ],
    "id": "U.QtForPythonApplicationWindow",
    "category": "F.Application",
    "trDescription": "Creates a Qt for Python application that contains an empty window.",
    "trDisplayName": "Qt for Python - Window",
    "trDisplayCategory": "Application",
    "icon": "icon.png",
    "enabled": "%{JS: value('Plugins').indexOf('Python') >= 0}",
    "featuresRequired": [ "QtSupport.Wizards.FeatureQt.5.6" ],

    "options":
    [
        { "key": "MainPyFileName", "value": "%{ProjectDirectory}/%{SrcFileName}" },
        { "key":  "PyProjectFile", "value": "%{ProjectDirectory}/%{ProjectFileName}" }
    ],

    "pages":
    [
        {
            "trDisplayName": "Project Location",
            "trShortTitle": "Location",
            "typeId": "Project",
            "name": "ProjectPath"
        },
        {
            "trDisplayName": "Define Class",
            "trShortTitle": "Details",
            "typeId": "Fields",
            "data" :
            [
                {
                    "name": "Class",
                    "trDisplayName": "Class name:",
                    "mandatory": true,
                    "type": "LineEdit",
                    "data": { "validator": "(?:(?:[a-zA-Z_][a-zA-Z_0-9]*::)*[a-zA-Z_][a-zA-Z_0-9]*|)" }
                },
                {
                    "name": "BaseCB",
                    "trDisplayName": "Base class:",
                    "type": "ComboBox",
                    "data":
                    {
                        "items": [ { "trKey": "<Custom>", "value": "" },
                                   "QWidget", "QMainWindow"]
                    }
                },
                {
                    "name": "SrcFileName",
                    "type": "LineEdit",
                    "trDisplayName": "Source file:",
                    "mandatory": true,
                    "data": { "trText": "%{JS: Cpp.classToFileName(value('Class'), Util.preferredSuffix('text/x-python'))}" }
                },
                {
                    "name": "ProjectFileName",
                    "type": "LineEdit",
                    "trDisplayName": "Project file:",
                    "mandatory": true,
                    "data": { "trText": "%{JS: Cpp.classToFileName(value('Class'), 'pyproject')}" }
                }
            ]
        },
        {
            "trDisplayName": "Project Management",
            "trShortTitle": "Summary",
            "typeId": "Summary"
        }
    ],
    "generators":
    [
        {
            "typeId": "File",
            "data":
            [
                {
                    "source": "../main.pyproject",
                    "target": "%{PyProjectFile}",
                    "openAsProject": true
                },
                {
                    "source": "../main_mainwindow.py",
                    "target": "%{MainPyFileName}",
                    "openInEditor": true
                }
            ]
        }
    ]
}
