{
    "version": 1,
    "supportedProjectTypes": [ ],
    "id": "A.ItemView",
    "category": "R.Qt",
    "trDescription": "Creates a Qt item model.",
    "trDisplayName": "Qt Item Model",
    "trDisplayCategory": "Qt",
    "enabled": "%{JS: value('Plugins').indexOf('CppEditor') >= 0}",

    "options":
    [
        { "key": "TargetPath", "value": "%{Path}" },
        { "key": "HdrPath", "value": "%{Path}/%{HdrFileName}" },
        { "key": "SrcPath", "value": "%{Path}/%{SrcFileName}" },
        { "key": "CN", "value": "%{JS: Cpp.className(value('Class'))}" },
        { "key": "GUARD", "value": "%{JS: Cpp.classToHeaderGuard(value('Class'), Util.preferredSuffix('text/x-c++hdr'))}" }
    ],

    "pages":
    [
        {
            "trDisplayName": "Define Item Model Class",
            "trShortTitle": "Details",
            "typeId": "Fields",
            "data" :
            [
                {
                    "name": "Class",
                    "trDisplayName": "Class name:",
                    "mandatory": true,
                    "type": "LineEdit",
                    "data": { "validator": "(?:(?:[a-zA-Z_][a-zA-Z_0-9]*::)*[a-zA-Z_][a-zA-Z_0-9]*|)" }
                },
                {
                    "name": "Base",
                    "trDisplayName": "Base class:",
                    "type": "ComboBox",
                    "data":
                    {
                        "items": [ "QAbstractItemModel", "QAbstractTableModel", "QAbstractListModel" ]
                    }
                },

                {
                    "name": "Sp1",
                    "type": "Spacer",
                    "data": { "factor": 2 }
                },
                {
                    "name": "CustomHeader",
                    "trDisplayName": "Customize header row",
                    "type": "CheckBox",
                    "data": {
                        "checked": true
                    }
                },
                {
                    "name": "Editable",
                    "trDisplayName": "Items are editable",
                    "type": "CheckBox",
                    "data": {
                        "checked": false
                    }
                },
                {
                    "name": "AddData",
                    "trDisplayName": "Rows and columns can be added",
                    "type": "CheckBox",
                    "data": {
                        "checked": false
                    }
                },                {
                    "name": "RemoveData",
                    "trDisplayName": "Rows and columns can be removed",
                    "type": "CheckBox",
                    "data": {
                        "checked": false
                    }
                },
                {
                    "name": "DynamicFetch",
                    "trDisplayName": "Fetch data dynamically",
                    "type": "CheckBox",
                    "data": {
                        "checked": false
                    }
                },

                {
                    "name": "HdrFileName",
                    "type": "LineEdit",
                    "trDisplayName": "Header file:",
                    "mandatory": true,
                    "data": { "trText": "%{JS: Cpp.classToFileName(value('Class'), Util.preferredSuffix('text/x-c++hdr'))}" }
                },
                {
                    "name": "SrcFileName",
                    "type": "LineEdit",
                    "trDisplayName": "Source file:",
                    "mandatory": true,
                    "data": { "trText": "%{JS: Cpp.classToFileName(value('Class'), Util.preferredSuffix('text/x-c++src'))}" }
                },
                {
                    "name": "Path",
                    "type": "PathChooser",
                    "trDisplayName": "Path:",
                    "mandatory": true,
                    "data":
                    {
                        "kind": "directory",
                        "basePath": "%{InitialPath}",
                        "path": "%{InitialPath}"
                    }
                }
            ]
        },
        {
            "trDisplayName": "Project Management",
            "trShortTitle": "Summary",
            "typeId": "Summary"
        }
    ],

    "generators":
    [
        {
            "typeId": "File",
            "data":
            [
                {
                    "source": "itemmodel.h",
                    "target": "%{HdrPath}",
                    "condition": "%{JS: value('Base') === 'QAbstractItemModel'}",
                    "options": [
                        { "key": "Cpp:License:FileName", "value": "%{HdrFileName}" },
                        { "key": "Cpp:License:ClassName", "value": "%{CN}" }
                    ]
                },
                {
                    "source": "itemmodel.cpp",
                    "target": "%{SrcPath}",
                    "openInEditor": true,
                    "condition": "%{JS: value('Base') === 'QAbstractItemModel'}",
                    "options": [
                        { "key": "Cpp:License:FileName", "value": "%{SrcFileName}" },
                        { "key": "Cpp:License:ClassName", "value": "%{CN}" }
                    ]
                },
                {
                    "source": "tablemodel.h",
                    "target": "%{HdrPath}",
                    "condition": "%{JS: value('Base') === 'QAbstractTableModel'}",
                    "options": [
                        { "key": "Cpp:License:FileName", "value": "%{HdrFileName}" },
                        { "key": "Cpp:License:ClassName", "value": "%{CN}" }
                    ]
                },
                {
                    "source": "tablemodel.cpp",
                    "target": "%{SrcPath}",
                    "openInEditor": true,
                    "condition": "%{JS: value('Base') === 'QAbstractTableModel'}",
                    "options": [
                        { "key": "Cpp:License:FileName", "value": "%{SrcFileName}" },
                        { "key": "Cpp:License:ClassName", "value": "%{CN}" }
                    ]
                },
                {
                    "source": "listmodel.h",
                    "target": "%{HdrPath}",
                    "condition": "%{JS: value('Base') === 'QAbstractListModel'}",
                    "options": [
                        { "key": "Cpp:License:FileName", "value": "%{HdrFileName}" },
                        { "key": "Cpp:License:ClassName", "value": "%{CN}" }
                    ]
                },
                {
                    "source": "listmodel.cpp",
                    "target": "%{SrcPath}",
                    "openInEditor": true,
                    "condition": "%{JS: value('Base') === 'QAbstractListModel'}",
                    "options": [
                        { "key": "Cpp:License:FileName", "value": "%{SrcFileName}" },
                        { "key": "Cpp:License:ClassName", "value": "%{CN}" }
                    ]
                }
            ]
        }
    ]
}
