{
    "version": 1,
    "supportedProjectTypes": [ ],
    "id": "F.GLSL",
    "category": "U.GLSL",
    "trDescription": "Creates a fragment shader in the OpenGL/ES 2.0 Shading Language (GLSL/ES). Fragment shaders generate the final pixel colors for triangles, points and lines rendered with OpenGL.",
    "trDisplayName": "Fragment Shader (OpenGL/ES 2.0)",
    "trDisplayCategory": "GLSL",
    "iconText": "fsh",
    "platformIndependent": true,
    "enabled": "%{JS: value('Plugins').indexOf('GLSLEditor') >= 0}",

    "pages" :
    [
        {
            "trDisplayName": "Location",
            "trShortTitle": "Location",
            "typeId": "File"
        },
        {
            "trDisplayName": "Project Management",
            "trShortTitle": "Summary",
            "typeId": "Summary"
        }
    ],
    "generators" :
    [
        {
            "typeId": "File",
            "data":
            {
                "source": "file.fsh",
                "target": "%{JS: Util.fileName(value('TargetPath'), Util.preferredSuffix('text/x-glsl-es-frag'))}",
                "openInEditor": true
            }
        }
    ]
}
