{
    "version": 1,
    "supportedProjectTypes": [ "CMakeProjectManager.CMakeProject", "Qbs.QbsProject", "Qt4ProjectManager.Qt4Project" ],
    "id": "E.QtCore",
    "category": "F.Application",
    "trDescription": "Creates a project containing a single main.cpp file with a stub implementation.\n\nPreselects a desktop Qt for building the application if available.",
    "trDisplayName": "Qt Console Application",
    "trDisplayCategory": "Application",
    "icon": "../../global/consoleapplication.png",
    "featuresRequired": [ "QtSupport.Wizards.FeatureQt" ],
    "enabled": "%{JS: value('Plugins').indexOf('QmakeProjectManager') >= 0 || value('Plugins').indexOf('QbsProjectManager') >= 0 || value('Plugins').indexOf('CMakeProjectManager') >= 0}",

    "options":
    [
        { "key": "ProjectFile", "value": "%{JS: value('BuildSystem') === 'qmake' ? value('ProFile') : (value('BuildSystem') === 'cmake' ? value('CMakeFile') : value('QbsFile'))}" },
        { "key": "ProFile", "value": "%{JS: Util.fileName(value('ProjectDirectory') + '/' + value('ProjectName'), 'pro')}" },
        { "key": "QbsFile", "value": "%{JS: Util.fileName(value('ProjectDirectory') + '/' + value('ProjectName'), 'qbs')}" },
        { "key": "CMakeFile", "value": "%{ProjectDirectory}/CMakeLists.txt" },
        { "key": "HasTranslation", "value": "%{JS: value('TsFileName') !== ''}" },
        { "key": "CppFileName", "value": "%{JS: 'main.' + Util.preferredSuffix('text/x-c++src')}" }
    ],

    "pages":
    [
        {
            "trDisplayName": "Project Location",
            "trShortTitle": "Location",
            "typeId": "Project",
            "data": { "trDescription": "This wizard creates a simple Qt-based console application." }
        },
        {
            "trDisplayName": "Define Build System",
            "trShortTitle": "Build System",
            "typeId": "Fields",
            "enabled": "%{JS: !value('IsSubproject')}",
            "data":
            [
                {
                    "name": "BuildSystem",
                    "trDisplayName": "Build system:",
                    "type": "ComboBox",
                    "persistenceKey": "BuildSystemType",
                    "data":
                    {
                        "index": 0,
                        "items":
                        [
                            {
                                "trKey": "qmake",
                                "value": "qmake",
                                "condition": "%{JS: value('Plugins').indexOf('QmakeProjectManager') >= 0}"
                            },
                            {
                                "trKey": "CMake",
                                "value": "cmake",
                                "condition": "%{JS: value('Plugins').indexOf('CMakeProjectManager') >= 0}"
                            },
                            {
                                "trKey": "Qbs",
                                "value": "qbs",
                                "condition": "%{JS: value('Plugins').indexOf('QbsProjectManager') >= 0}"
                            }
                        ]
                    }
                }
            ]
        },
        {
            "trDisplayName": "Translation File",
            "trShortTitle": "Translation",
            "typeId": "QtTranslation"
        },
        {
            "trDisplayName": "Kit Selection",
            "trShortTitle": "Kits",
            "typeId": "Kits",
            "enabled": "%{JS: !value('IsSubproject')}",
            "data": { "projectFilePath": "%{ProjectFile}" }
        },
        {
            "trDisplayName": "Project Management",
            "trShortTitle": "Summary",
            "typeId": "Summary"
        }
    ],
    "generators":
    [
        {
            "typeId": "File",
            "data":
            [
                {
                    "source": "file.pro",
                    "target": "%{ProFile}",
                    "openAsProject": true,
                    "condition": "%{JS: value('BuildSystem') === 'qmake'}"
                },
                {
                    "source": "CMakeLists.txt",
                    "openAsProject": true,
                    "condition": "%{JS: value('BuildSystem') === 'cmake'}"
                },
                {
                    "source": "file.qbs",
                    "target": "%{QbsFile}",
                    "openAsProject": true,
                    "condition": "%{JS: value('BuildSystem') === 'qbs'}"
                },
                {
                    "source": "main.cpp",
                    "target": "%{CppFileName}",
                    "openInEditor": true
                },
                {
                    "source": "../translation.ts",
                    "target": "%{TsFileName}",
                    "condition": "%{HasTranslation}"
                },
                {
                    "source": "../git.ignore",
                    "target": ".gitignore",
                    "condition": "%{JS: !value('IsSubproject') && value('VersionControl') === 'G.Git'}"
                }
            ]
        }
    ]
}
