{
    "version": 1,
    "supportedProjectTypes": [ "CMakeProjectManager.CMakeProject", "Qbs.QbsProject", "Qt4ProjectManager.Qt4Project" ],
    "id": "R.Plain Cpp Application",
    "category": "I.Projects",
    "trDescription": "Creates a simple C++ application with no dependencies.",
    "trDisplayName": "Plain C++ Application",
    "trDisplayCategory": "Non-Qt Project",
    "icon": "../../global/consoleapplication.png",
    "enabled": "%{JS: value('Plugins').indexOf('CppEditor') >= 0 && (value('Plugins').indexOf('QmakeProjectManager') >= 0 || value('Plugins').indexOf('QbsProjectManager') >= 0 || value('Plugins').indexOf('CMakeProjectManager') >= 0)}",

    "options":
    [
        { "key": "ProjectFile", "value": "%{JS: '%{BuildSystem}' === 'qmake' ? '%{ProFile}' : ('%{BuildSystem}' === 'cmake' ? '%{CMakeFile}' : '%{QbsFile}')}" },
        { "key": "ProFile", "value": "%{JS: Util.fileName('%{ProjectDirectory}/%{ProjectName}', 'pro')}" },
        { "key": "QbsFile", "value": "%{JS: Util.fileName('%{ProjectDirectory}/%{ProjectName}', 'qbs')}" },
        { "key": "CMakeFile", "value": "%{ProjectDirectory}/CMakeLists.txt" },
        { "key": "CppFileName", "value": "%{JS: 'main.' + Util.preferredSuffix('text/x-c++src')}" }
    ],

    "pages":
    [
        {
            "trDisplayName": "Project Location",
            "trShortTitle": "Location",
            "typeId": "Project"
        },
        {
            "trDisplayName": "Define Build System",
            "trShortTitle": "Build System",
            "typeId": "Fields",
            "enabled": "%{JS: ! %{IsSubproject}}",
            "data":
            [
                {
                    "name": "BuildSystem",
                    "trDisplayName": "Build system:",
                    "type": "ComboBox",
                    "persistenceKey": "BuildSystemType",
                    "data":
                    {
                        "index": 0,
                        "items":
                        [
                            {
                                "trKey": "qmake",
                                "value": "qmake",
                                "condition": "%{JS: value('Plugins').indexOf('QmakeProjectManager') >= 0}"
                            },
                            {
                                "trKey": "CMake",
                                "value": "cmake",
                                "condition": "%{JS: value('Plugins').indexOf('CMakeProjectManager') >= 0}"
                            },
                            {
                                "trKey": "Qbs",
                                "value": "qbs",
                                "condition": "%{JS: value('Plugins').indexOf('QbsProjectManager') >= 0}"
                            }
                        ]
                    }
                }
            ]
        },
        {
            "trDisplayName": "Kit Selection",
            "trShortTitle": "Kits",
            "typeId": "Kits",
            "enabled": "%{JS: ! %{IsSubproject}}",
            "data": { "projectFilePath": "%{ProjectFile}" }
        },
        {
            "trDisplayName": "Project Management",
            "trShortTitle": "Summary",
            "typeId": "Summary"
        }
    ],
    "generators":
    [
        {
            "typeId": "File",
            "data":
            [
                {
                    "source": "file.pro",
                    "target": "%{ProFile}",
                    "openAsProject": true,
                    "condition": "%{JS: '%{BuildSystem}' === 'qmake'}"
                },
                {
                    "source": "CMakeLists.txt",
                    "openAsProject": true,
                    "condition": "%{JS: '%{BuildSystem}' === 'cmake'}"
                },
                {
                    "source": "file.qbs",
                    "target": "%{QbsFile}",
                    "openAsProject": true,
                    "condition": "%{JS: '%{BuildSystem}' === 'qbs'}"
                },
                {
                    "source": "main.cpp",
                    "target": "%{CppFileName}",
                    "openInEditor": true
                },
                {
                    "source": "../git.ignore",
                    "target": ".gitignore",
                    "condition": "%{JS: ! %{IsSubproject} && '%{VersionControl}' === 'G.Git'}"
                }
            ]
        }
    ]
}
