<?xml version="1.0" encoding="UTF-8"?>
<style-scheme version="1.0" name="Default Classic">
  <style name="Text" background="#ffffff"/>
  <style name="Link" foreground="#0000ff"/>
  <style name="Selection" foreground="#ffffff" background="#308cc6"/>
  <style name="LineNumber" foreground="#9f9d9a" background="#efebe7"/>
  <style name="SearchResult" background="#ffef0b"/>
  <style name="SearchScope" background="#f5fafd"/>
  <style name="Parentheses" foreground="#ff0000" background="#b4eeb4"/>
  <style name="ParenthesesMismatch" background="#ff00ff"/>
  <style name="AutoComplete" foreground="#000080" background="#c0c0ff"/>
  <style name="CurrentLine" background="#c1ddee"/>
  <style name="CurrentLineNumber" foreground="#808080" bold="true"/>
  <style name="Occurrences" background="#b4b4b4"/>
  <style name="Occurrences.Unused" underlineColor="#808000" underlineStyle="SingleUnderline"/>
  <style name="Occurrences.Rename" background="#ff6464"/>
  <style name="Number" foreground="#000080"/>
  <style name="String" foreground="#008000"/>
  <style name="Type" foreground="#800080"/>
  <style name="Local"/>
  <style name="Global"/>
  <style name="Field" foreground="#800000"/>
  <style name="Static" foreground="#800080"/>
  <style name="VirtualMethod" foreground="#000000" background="#ffffff" italic="true"/>
  <style name="Function" background="#ffffff"/>
  <style name="Keyword" foreground="#808000"/>
  <style name="PrimitiveType" foreground="#808000"/>
  <style name="Punctuation"/>
  <style name="Operator"/>
  <style name="Overloaded Operator" background="#ffffff"/>
  <style name="Preprocessor" foreground="#000080"/>
  <style name="Label" foreground="#800000"/>
  <style name="Comment" foreground="#008000"/>
  <style name="Doxygen.Comment" foreground="#000080"/>
  <style name="Doxygen.Tag" foreground="#0000ff"/>
  <style name="VisualWhitespace" foreground="#c0c0c0"/>
  <style name="QmlLocalId" foreground="#000000" background="#ffffff" italic="true"/>
  <style name="QmlExternalId" foreground="#000080" background="#ffffff" italic="true"/>
  <style name="QmlTypeId" foreground="#800080"/>
  <style name="QmlRootObjectProperty" foreground="#000000" background="#ffffff" italic="true"/>
  <style name="QmlScopeObjectProperty" foreground="#000000" background="#ffffff" italic="true"/>
  <style name="QmlExternalObjectProperty" foreground="#000080" background="#ffffff" italic="true"/>
  <style name="JsScopeVar" foreground="#2985c7" background="#ffffff" italic="true"/>
  <style name="JsImportVar" foreground="#0055af" background="#ffffff" italic="true"/>
  <style name="JsGlobalVar" foreground="#0055af" background="#ffffff" italic="true"/>
  <style name="QmlStateName" foreground="#000000" background="#ffffff" italic="true"/>
  <style name="Binding" foreground="#800000"/>
  <style name="DisabledCode" background="#efefef"/>
  <style name="AddedLine" foreground="#00aa00"/>
  <style name="RemovedLine" foreground="#ff0000"/>
  <style name="DiffFile" foreground="#000080"/>
  <style name="DiffLocation" foreground="#0000ff"/>
  <style name="DiffFileLine" background="#ffff00"/>
  <style name="DiffContextLine" background="#afd7e7"/>
  <style name="DiffSourceLine" background="#ffdfdf"/>
  <style name="DiffSourceChar" background="#ffafaf"/>
  <style name="DiffDestLine" background="#dfffdf"/>
  <style name="DiffDestChar" background="#afffaf"/>
  <style name="LogChangeLine" foreground="#c00000"/>
  <style name="Warning" underlineColor="#ffbe00" underlineStyle="SingleUnderline"/>
  <style name="WarningContext" underlineColor="#ffbe00" underlineStyle="DotLine"/>
  <style name="Error" underlineColor="#ff0000" underlineStyle="SingleUnderline"/>
  <style name="ErrorContext" underlineColor="#ff0000" underlineStyle="DotLine"/>
  <style name="Declaration"/>
  <style name="OutputArgument"/>
</style-scheme>
