{
    "name": "qbs",
    "searchPaths": [
        "$(QBS_IMPORT_PATH)"
    ],
    "installPaths": [
        "$(QBS_IMPORT_PATH)"
    ],
    "implicitImports": [
        "__javascriptQt5__"
    ],
    "supportedImports": [
        "qbs",
        "qbs.BinaryFile",
        "qbs.BundleTools",
        "qbs.DarwinTools",
        "qbs.Environment",
        "qbs.File",
        "qbs.FileInfo",
        "qbs.ModUtils",
        "qbs.PathTools",
        "qbs.Probes",
        "qbs.Process",
        "qbs.PropertyList",
        "qbs.TemporaryDir",
        "qbs.TextFile",
        "qbs.UnixUtils",
        "qbs.Utilities",
        "qbs.WindowsUtils",
        "qbs.Xml"
    ]
}
