{
    "name": "QtQuick2",
    "searchPaths": [
        "$(QT_INSTALL_QML)"],
    "installPaths": [
        "$(QT_INSTALL_QML)"],
    "implicitImports": [
        "__javascriptQt5__"],
    "supportedImports": [
        "Qt.labs.calendar 1.0",
        "Qt.labs.folderlistmodel 2.0",
        "Qt.labs.folderlistmodel 2.1",
        "Qt.labs.folderlistmodel 2.2",
        "Qt.labs.folderlistmodel 2.12",
        "Qt.labs.settings 1.0",
        "Qt.labs.settings 1.1",
        "Qt.labs.platform 1.0",
        "Qt.WebSockets 1.0",
        "Qt.WebSockets 1.1",
        "Qt3D.Animation 2.9",
        "Qt3D.Animation 2.12",
        "Qt3D.Core 2.0",
        "Qt3D.Core 2.9",
        "Qt3D.Core 2.12",
        "Qt3D.Extras 2.0",
        "Qt3D.Extras 2.9",
        "Qt3D.Extras 2.12",
        "Qt3D.Input 2.0",
        "Qt3D.Input 2.1",
        "Qt3D.Input 2.12",
        "Qt3D.Logic 2.0",
        "Qt3D.Logic 2.12",
        "Qt3D.Render 2.0",
        "Qt3D.Render 2.9",
        "Qt3D.Render 2.12",
        "Qt3D.Scene2D 2.9",
        "QtAudioEngine 1.0",
        "QtBluetooth 5.0",
        "QtBluetooth 5.2",
        "QtBluetooth 5.3",
        "QtBluetooth 5.4",
        "QtBluetooth 5.5",
        "QtBluetooth 5.6",
        "QtBluetooth 5.7",
        "QtBluetooth 5.8",
        "QtBluetooth 5.9",
        "QtBluetooth 5.11",
        "QtBluetooth 5.12",
        "QtCanvas3D 1.1",
        "QtCharts 2.3",
        "QtDataVisualization 1.0",
        "QtDataVisualization 1.3",
        "QtGamepad 1.12",
        "QtGraphicalEffects 1.0",
        "QtMultimedia 5.0",
        "QtMultimedia 5.2",
        "QtMultimedia 5.3",
        "QtMultimedia 5.4",
        "QtMultimedia 5.5",
        "QtMultimedia 5.6",
        "QtMultimedia 5.7",
        "QtMultimedia 5.8",
        "QtMultimedia 5.9",
        "QtMultimedia 5.12",
        "QtNfc 5.0",
        "QtNfc 5.2",
        "QtNfc 5.3",
        "QtNfc 5.4",
        "QtNfc 5.5",
        "QtNfc 5.6",
        "QtNfc 5.7",
        "QtNfc 5.8",
        "QtNfc 5.9",
        "QtNfc 5.11",
        "QtNfc 5.12",
        "QtPositioning 5.0",
        "QtPositioning 5.2",
        "QtPositioning 5.3",
        "QtPositioning 5.4",
        "QtPositioning 5.5",
        "QtPositioning 5.6",
        "QtPositioning 5.7",
        "QtPositioning 5.8",
        "QtPositioning 5.11",
        "QtPositioning 5.12",
        "QtLocation 5.3",
        "QtLocation 5.5",
        "QtLocation 5.6",
        "QtLocation 5.8",
        "QtLocation 5.9",
        "QtLocation 5.11",
        "QtLocation 5.12",
        "QtPurchasing 1.0",
        "QtPurchasing 1.12",
        "QtQml 2.0",
        "QtQml 2.1",
        "QtQml 2.2",
        "QtQml 2.3",
        "QtQml 2.12",
        "QtQml.Models 2.1",
        "QtQml.Models 2.2",
        "QtQml.Models 2.3",
        "QtQml.Models 2.11",
        "QtQml.Models 2.12",
        "QtQuick.Controls 2.0",
        "QtQuick.Controls 2.1",
        "QtQuick.Controls 2.2",
        "QtQuick.Controls 2.3",
        "QtQuick.Controls 2.4",
        "QtQuick.Controls 2.5",
        "QtQuick.Controls 2.12",
        "QtQuick.Controls.Material 2.0",
        "QtQuick.Controls.Material 2.1",
        "QtQuick.Controls.Material 2.2",
        "QtQuick.Controls.Material 2.3",
        "QtQuick.Controls.Material 2.12",
        "QtQuick.Controls.Universal 2.0",
        "QtQuick.Controls.Universal 2.1",
        "QtQuick.Controls.Universal 2.2",
        "QtQuick.Controls.Universal 2.3",
        "QtQuick.Controls.Universal 2.12",
        "QtQuick.Controls.Styles 1.0",
        "QtQuick.Controls.Styles 1.1",
        "QtQuick.Controls.Styles 1.2",
        "QtQuick.Controls.Styles 1.3",
        "QtQuick.Controls.Styles 1.4",
        "QtQuick.Dialogs 1.0",
        "QtQuick.Dialogs 1.1",
        "QtQuick.Dialogs 1.2",
        "QtQuick.Enterprise.Controls 1.1",
        "QtQuick.Layouts 1.0",
        "QtQuick.Layouts 1.1",
        "QtQuick.Layouts 1.2",
        "QtQuick.Layouts 1.3",
        "QtQuick.Layouts 1.12",
        "QtQuick.LocalStorage 2.0",
        "QtQuick.LocalStorage 2.11",
        "QtQuick.LocalStorage 2.12",
        "QtQuick.Particles 2.0",
        "QtQuick.Particles 2.12",
        "QtQuick.Shapes 1.12",
        "QtQuick.Templates 2.0",
        "QtQuick.Templates 2.1",
        "QtQuick.Templates 2.2",
        "QtQuick.Templates 2.5",
        "QtQuick.Templates 2.12",
        "QtQuick.Window 2.0",
        "QtQuick.Window 2.1",
        "QtQuick.Window 2.2",
        "QtQuick.Window 2.3",
        "QtQuick.Window 2.10",
        "QtQuick.Window 2.11",
        "QtQuick.Window 2.12",
        "QtQuick.XmlListModel 2.0",
        "QtQuick.XmlListModel 2.12",
        "QtRemoteObjects 5.12",
        "QtScxml 5.8",
        "QtSensors 5.0",
        "QtSensors 5.1",
        "QtSensors 5.2",
        "QtSensors 5.3",
        "QtSensors 5.4",
        "QtSensors 5.5",
        "QtSensors 5.6",
        "QtSensors 5.7",
        "QtSensors 5.8",
        "QtSensors 5.9",
        "QtSensors 5.11",
        "QtSensors 5.12",
        "QtQuick 2.0",
        "QtQuick 2.1",
        "QtQuick 2.2",
        "QtQuick 2.3",
        "QtQuick 2.4",
        "QtQuick 2.5",
        "QtQuick 2.6",
        "QtQuick 2.7",
        "QtQuick 2.8",
        "QtQuick 2.9",
        "QtQuick 2.10",
        "QtQuick 2.11",
        "QtQuick 2.12",
        "QtTest 1.0",
        "QtTest 1.2",
        "QtTest 1.12",
        "QtVirtualKeyboard.VirtualKeyboard 2.4",
        "QtVirtualKeyboard.Settings 2.2",
        "QtVirtualKeyboard.Styles 2.1",
        "QtScxml 5.8",
        "QtWebChannel 1.0",
        "QtWebEngine 1.0",
        "QtWebEngine 1.1",
        "QtWebEngine 1.2",
        "QtWebEngine 1.3",
        "QtWebEngine 1.4",
        "QtWebEngine 1.5",
        "QtWebEngine 1.6",
        "QtWebEngine 1.7",
        "QtWebEngine 1.8",
        "QtWebSockets 1.1",
        "QtWebView 1.0",
        "QtWebView 1.1",
        "QtWebKit 3.0",
        "QtWinExtras 1.0"
    ]

}
