{
    "version": 1,
    "supportedProjectTypes": [ "Qt4ProjectManager.Qt4Project" ],
    "id": "U.QtEmpty",
    "category": "H.Project",
    "trDescription": "Creates a qmake-based project without any files. This allows you to create an application without any default classes.",
    "trDisplayName": "Empty qmake Project",
    "trDisplayCategory": "Other Project",
    "icon": "../../../global/guiapplication.png",
    "featuresRequired": [ "QtSupport.Wizards.FeatureQt" ],
    "enabled": "%{JS: value('Plugins').indexOf('QmakeProjectManager') >= 0}",
    "options":
    [
        { "key": "ProFileName", "value": "%{JS: Util.fileName(value('ProjectDirectory') + '/' + value('ProjectName'), 'pro')}" },
        { "key": "IsTopLevelProject", "value": "%{JS: !value('Exists:ProjectExplorer.Profile.Ids')}" }
    ],

    "pages":
    [
        {
            "trDisplayName": "Project Location",
            "trShortTitle": "Location",
            "typeId": "Project",
            "data": { "trDescription": "This wizard creates an empty .pro file." }
        },
        {
            "trDisplayName": "Kit Selection",
            "trShortTitle": "Kits",
            "typeId": "Kits",
            "enabled": "%{IsTopLevelProject}",
            "data": { "projectFilePath": "%{ProFileName}" }
        },
        {
            "trDisplayName": "Project Management",
            "trShortTitle": "Summary",
            "typeId": "Summary"
        }
    ],
    "generators":
    [
        {
            "typeId": "File",
            "data":
            [
                {
                    "source": "file.pro",
                    "target": "%{ProFileName}",
                    "openAsProject": true,
                    "openInEditor": true
                },
                {
                    "source": "../../git.ignore",
                    "target": "%{ProjectDirectory}/.gitignore",
                    "condition": "%{JS: value('IsTopLevelProject') && value('VersionControl') === 'G.Git'}"
                }
            ]
        }
    ]
}
